#compound,volumne,Formation_energy,Band_gap,A_e_negativity,A_valence_e,A_first_ionization,A_boiling_point,A_melting_point,A_atomic_radius,A_average_ionic_radius,B_e_negativity,B_valence_e,B_first_ionization,B_boiling_point,B_melting_point,B_atomic_radius,B_average_ionic_radius
CsF,57.249,-2.877,5.26,0.79,1,3.894,944,301.59,2.6,1.81,3.98,7,17.422,85.03,53.53,0.5,0.705
CsCl,88.049,-2.265,4.849,0.79,1,3.894,944,301.59,2.6,1.81,3.16,7,12.967,239.11,171.6,1,0.78
CsBr,101.392,-1.811,4.258,0.79,1,3.894,944,301.59,2.6,1.81,2.96,7,11.814,332,265.8,1.15,0.8825
CsI,121.359,-1.568,3.857,0.79,1,3.894,944,301.59,2.6,1.81,2.66,7,10.451,457.4,386.85,1.4,1.273333333
KF,39.893,-2.956,5.996,0.82,1,4.341,1032,336.53,2.2,1.52,3.98,7,17.422,85.03,53.53,0.5,0.705
KCl,65.391,-2.254,5.027,0.82,1,4.341,1032,336.53,2.2,1.52,3.16,7,12.967,239.11,171.6,1,0.78
KBr,75.735,-1.772,4.31,0.82,1,4.341,1032,336.53,2.2,1.52,2.96,7,11.814,332,265.8,1.15,0.8825
KI,92.743,-1.499,3.851,0.82,1,4.341,1032,336.53,2.2,1.52,2.66,7,10.451,457.4,386.85,1.4,1.273333333
RbF,47.253,-2.896,5.524,0.82,1,4.177,961,312.46,2.35,1.66,3.98,7,17.422,85.03,53.53,0.5,0.705
RbCl,75.148,-2.243,4.839,0.82,1,4.177,961,312.46,2.35,1.66,3.16,7,12.967,239.11,171.6,1,0.78
RbBr,86.781,-1.774,4.193,0.82,1,4.177,961,312.46,2.35,1.66,2.96,7,11.814,332,265.8,1.15,0.8825
RbTe,105.216,-0.4,0.001,0.82,1,4.177,961,312.46,2.35,1.66,2.1,6,9.009,1261,722.66,1.4,1.293333333
RbI,104.957,-1.517,3.777,0.82,1,4.177,961,312.46,2.35,1.66,2.66,7,10.451,457.4,386.85,1.4,1.273333333
BaC,54.467,1.396,0.001,0.89,2,5.212,2143,1000,2.15,1.49,2.55,4,11.26,4300,3800,0.7,0.3
BaO,44.255,-2.834,2.091,0.89,2,5.212,2143,1000,2.15,1.49,3.44,6,13.618,90.2,54.8,0.6,1.26
BaS,67.31,-2.411,2.151,0.89,2,5.212,2143,1000,2.15,1.49,2.58,6,10.36,717.87,388.36,1,0.88
BaSe,74.741,-2.047,1.949,0.89,2,5.212,2143,1000,2.15,1.49,2.55,6,9.752,958,494,1.15,1.013333333
BaTe,89.091,-1.789,1.593,0.89,2,5.212,2143,1000,2.15,1.49,2.1,6,9.009,1261,722.66,1.4,1.293333333
Na-N,32.022,1.082,0.001,0.93,1,5.139,1156,370.87,1.8,1.16,3.04,5,14.534,77.36,63.05,0.65,0.63
NaF,25.894,-2.958,6.094,0.93,1,5.139,1156,370.87,1.8,1.16,3.98,7,17.422,85.03,53.53,0.5,0.705
NaCl,46.096,-2.105,5.003,0.93,1,5.139,1156,370.87,1.8,1.16,3.16,7,12.967,239.11,171.6,1,0.78
NaBr,54.749,-1.587,4.09,0.93,1,5.139,1156,370.87,1.8,1.16,2.96,7,11.814,332,265.8,1.15,0.8825
NaI,69.675,-1.278,3.526,0.93,1,5.139,1156,370.87,1.8,1.16,2.66,7,10.451,457.4,386.85,1.4,1.273333333
SrO,35.277,-3.094,3.275,0.95,2,5.695,1655,1050,2,1.32,3.44,6,13.618,90.2,54.8,0.6,1.26
SrS,55.732,-2.482,2.497,0.95,2,5.695,1655,1050,2,1.32,2.58,6,10.36,717.87,388.36,1,0.88
SrSe,62.626,-2.068,2.231,0.95,2,5.695,1655,1050,2,1.32,2.55,6,9.752,958,494,1.15,1.013333333
SrTe,76.007,-1.746,1.762,0.95,2,5.695,1655,1050,2,1.32,2.1,6,9.009,1261,722.66,1.4,1.293333333
LiF,17.022,-3.18,8.716,0.98,1,5.392,1615,453.69,1.45,0.9,3.98,7,17.422,85.03,53.53,0.5,0.705
LiS,31.689,-0.841,0.016,0.98,1,5.392,1615,453.69,1.45,0.9,2.58,6,10.36,717.87,388.36,1,0.88
LiCl,34.202,-2.107,6.25,0.98,1,5.392,1615,453.69,1.45,0.9,3.16,7,12.967,239.11,171.6,1,0.78
LiBr,41.899,-1.548,4.923,0.98,1,5.392,1615,453.69,1.45,0.9,2.96,7,11.814,332,265.8,1.15,0.8825
LiI,54.697,-1.199,4.231,0.98,1,5.392,1615,453.69,1.45,0.9,2.66,7,10.451,457.4,386.85,1.4,1.273333333
CaO,28.332,-3.323,3.634,1,2,6.113,1757,1115,1.8,1.14,3.44,6,13.618,90.2,54.8,0.6,1.26
CaS,46.695,-2.488,2.378,1,2,6.113,1757,1115,1.8,1.14,2.58,6,10.36,717.87,388.36,1,0.88
CaSe,53.051,-2.029,2.077,1,2,6.113,1757,1115,1.8,1.14,2.55,6,9.752,958,494,1.15,1.013333333
CaTe,65.451,-1.652,1.554,1,2,6.113,1757,1115,1.8,1.14,2.1,6,9.009,1261,722.66,1.4,1.293333333
TbN,30.271,-1.852,0.016,1.1,1,5.86,3503,1629,1.75,0.9815,3.04,5,14.534,77.36,63.05,0.65,0.63
TbP,46.264,-1.616,0.001,1.1,1,5.86,3503,1629,1.75,0.9815,2.19,5,10.486,550,317.3,1,0.55
TbS,42.813,-2.344,0.001,1.1,1,5.86,3503,1629,1.75,0.9815,2.58,6,10.36,717.87,388.36,1,0.88
TbAs,50.147,-1.539,0.001,1.1,1,5.86,3503,1629,1.75,0.9815,2.18,5,9.81,887,1090,1.15,0.66
TbSe,48.63,-1.772,0.001,1.1,1,5.86,3503,1629,1.75,0.9815,2.55,6,9.752,958,494,1.15,1.013333333
TbTe,59.125,-1.311,0.001,1.1,1,5.86,3503,1629,1.75,0.9815,2.1,6,9.009,1261,722.66,1.4,1.293333333
YbN,29.899,-0.708,0.001,1.1,3,6.254,1469,1097,1.75,1.084,3.04,5,14.534,77.36,63.05,0.65,0.63
YbO,26.777,-3.649,3.46,1.1,3,6.254,1469,1097,1.75,1.084,3.44,6,13.618,90.2,54.8,0.6,1.26
YbP,48.784,-0.741,0.001,1.1,3,6.254,1469,1097,1.75,1.084,2.19,5,10.486,550,317.3,1,0.55
YbS,45.422,-2.588,2.223,1.1,3,6.254,1469,1097,1.75,1.084,2.58,6,10.36,717.87,388.36,1,0.88
YbAs,53.2,-0.809,0.001,1.1,3,6.254,1469,1097,1.75,1.084,2.18,5,9.81,887,1090,1.15,0.66
YbSe,51.759,-2.095,1.962,1.1,3,6.254,1469,1097,1.75,1.084,2.55,6,9.752,958,494,1.15,1.013333333
YbTe,64.332,-1.672,1.469,1.1,3,6.254,1469,1097,1.75,1.084,2.1,6,9.009,1261,722.66,1.4,1.293333333
LaN,37.412,-1.504,0.001,1.1,3,5.58,3743,1193,1.95,1.172,3.04,5,14.534,77.36,63.05,0.65,0.63
LaP,55.386,-1.58,0.001,1.1,3,5.58,3743,1193,1.95,1.172,2.19,5,10.486,550,317.3,1,0.55
LaS,50.783,-2.503,0.001,1.1,3,5.58,3743,1193,1.95,1.172,2.58,6,10.36,717.87,388.36,1,0.88
LaAs,59.478,-1.572,0.001,1.1,3,5.58,3743,1193,1.95,1.172,2.18,5,9.81,887,1090,1.15,0.66
LaSe,56.894,-2.001,0.001,1.1,3,5.58,3743,1193,1.95,1.172,2.55,6,9.752,958,494,1.15,1.013333333
LaTe,68.193,-1.598,0.001,1.1,3,5.58,3743,1193,1.95,1.172,2.1,6,9.009,1261,722.66,1.4,1.293333333
CeC,34.993,-0.054,0.001,1.12,4,5.54,3633,1068,1.85,1.08,2.55,4,11.26,4300,3800,0.7,0.3
CeN,32.223,-1.684,0.001,1.12,4,5.54,3633,1068,1.85,1.08,3.04,5,14.534,77.36,63.05,0.65,0.63
CeO,30.985,-3.24,0.001,1.12,4,5.54,3633,1068,1.85,1.08,3.44,6,13.618,90.2,54.8,0.6,1.26
CeP,48.783,-1.497,0.001,1.12,4,5.54,3633,1068,1.85,1.08,2.19,5,10.486,550,317.3,1,0.55
CeS,45.861,-2.376,0.004,1.12,4,5.54,3633,1068,1.85,1.08,2.58,6,10.36,717.87,388.36,1,0.88
CeAs,53.366,-1.42,0.001,1.12,4,5.54,3633,1068,1.85,1.08,2.18,5,9.81,887,1090,1.15,0.66
CeSe,51.977,-1.811,0.001,1.12,4,5.54,3633,1068,1.85,1.08,2.55,6,9.752,958,494,1.15,1.013333333
CeTe,63.859,-1.355,0.001,1.12,4,5.54,3633,1068,1.85,1.08,2.1,6,9.009,1261,722.66,1.4,1.293333333
PrN,35.582,-1.477,0.001,1.13,3,5.46,3563,1208,1.85,1.06,3.04,5,14.534,77.36,63.05,0.65,0.63
PrO,33.208,-3.06,0.001,1.13,3,5.46,3563,1208,1.85,1.06,3.44,6,13.618,90.2,54.8,0.6,1.26
PrP,52.633,-1.519,0.001,1.13,3,5.46,3563,1208,1.85,1.06,2.19,5,10.486,550,317.3,1,0.55
PrS,48.971,-2.354,0.001,1.13,3,5.46,3563,1208,1.85,1.06,2.58,6,10.36,717.87,388.36,1,0.88
PrAs,56.577,-1.496,0.001,1.13,3,5.46,3563,1208,1.85,1.06,2.18,5,9.81,887,1090,1.15,0.66
PrSe,54.941,-1.843,0.001,1.13,3,5.46,3563,1208,1.85,1.06,2.55,6,9.752,958,494,1.15,1.013333333
PrTe,66.017,-1.441,0.001,1.13,3,5.46,3563,1208,1.85,1.06,2.1,6,9.009,1261,722.66,1.4,1.293333333
NdN,34.452,-1.547,0.001,1.14,3,5.53,3373,1297,1.85,1.2765,3.04,5,14.534,77.36,63.05,0.65,0.63
NdO,32.228,-3.081,0.001,1.14,3,5.53,3373,1297,1.85,1.2765,3.44,6,13.618,90.2,54.8,0.6,1.26
NdP,51.207,-1.54,0.001,1.14,3,5.53,3373,1297,1.85,1.2765,2.19,5,10.486,550,317.3,1,0.55
NdS,47.625,-2.359,0.001,1.14,3,5.53,3373,1297,1.85,1.2765,2.58,6,10.36,717.87,388.36,1,0.88
NdAs,55.269,-1.508,0.001,1.14,3,5.53,3373,1297,1.85,1.2765,2.18,5,9.81,887,1090,1.15,0.66
NdSe,53.585,-1.836,0.001,1.14,3,5.53,3373,1297,1.85,1.2765,2.55,6,9.752,958,494,1.15,1.013333333
NdTe,64.446,-1.423,0.001,1.14,3,5.53,3373,1297,1.85,1.2765,2.1,6,9.009,1261,722.66,1.4,1.293333333
SmN,32.663,-1.67,0.001,1.17,3,5.64,2076,1345,1.85,1.229,3.04,5,14.534,77.36,63.05,0.65,0.63
SmO,30.625,-3.12,0.001,1.17,3,5.64,2076,1345,1.85,1.229,3.44,6,13.618,90.2,54.8,0.6,1.26
SmP,49.06,-1.574,0.001,1.17,3,5.64,2076,1345,1.85,1.229,2.19,5,10.486,550,317.3,1,0.55
SmS,45.588,-2.357,0.001,1.17,3,5.64,2076,1345,1.85,1.229,2.58,6,10.36,717.87,388.36,1,0.88
SmAs,53.016,-1.524,0.001,1.17,3,5.64,2076,1345,1.85,1.229,2.18,5,9.81,887,1090,1.15,0.66
SmSe,51.44,-1.816,0.001,1.17,3,5.64,2076,1345,1.85,1.229,2.55,6,9.752,958,494,1.15,1.013333333
SmTe,62.061,-1.383,0.001,1.17,3,5.64,2076,1345,1.85,1.229,2.1,6,9.009,1261,722.66,1.4,1.293333333
EuN,32.753,-0.996,0.001,1.2,3,5.67,1800,1099,1.85,1.1985,3.04,5,14.534,77.36,63.05,0.65,0.63
EuO,32.835,-3.138,0.001,1.2,3,5.67,1800,1099,1.85,1.1985,3.44,6,13.618,90.2,54.8,0.6,1.26
EuP,50.82,-1.029,0.001,1.2,3,5.67,1800,1099,1.85,1.1985,2.19,5,10.486,550,317.3,1,0.55
EuS,51.866,-2.481,0.001,1.2,3,5.67,1800,1099,1.85,1.1985,2.58,6,10.36,717.87,388.36,1,0.88
EuSe,58.742,-2.033,0.053,1.2,3,5.67,1800,1099,1.85,1.1985,2.55,6,9.752,958,494,1.15,1.013333333
EuTe,71.788,-1.684,0.001,1.2,3,5.67,1800,1099,1.85,1.1985,2.1,6,9.009,1261,722.66,1.4,1.293333333
GdN,31.03,-1.759,0.001,1.2,3,6.15,3523,1585,1.8,1.075,3.04,5,14.534,77.36,63.05,0.65,0.63
GdP,46.789,-1.588,0.001,1.2,3,6.15,3523,1585,1.8,1.075,2.19,5,10.486,550,317.3,1,0.55
GdS,43.983,-2.387,0.001,1.2,3,6.15,3523,1585,1.8,1.075,2.58,6,10.36,717.87,388.36,1,0.88
GdAs,51.269,-1.523,0.001,1.2,3,6.15,3523,1585,1.8,1.075,2.18,5,9.81,887,1090,1.15,0.66
GdSe,50.524,-1.85,0.001,1.2,3,6.15,3523,1585,1.8,1.075,2.55,6,9.752,958,494,1.15,1.013333333
GdTe,61.144,-1.399,0.001,1.2,3,6.15,3523,1585,1.8,1.075,2.1,6,9.009,1261,722.66,1.4,1.293333333
DyN,29.641,-1.895,0.051,1.22,2,5.94,2840,1680,1.75,1.131,3.04,5,14.534,77.36,63.05,0.65,0.63
DyP,45.538,-1.619,0.001,1.22,2,5.94,2840,1680,1.75,1.131,2.19,5,10.486,550,317.3,1,0.55
DyS,42.082,-2.33,0.001,1.22,2,5.94,2840,1680,1.75,1.131,2.58,6,10.36,717.87,388.36,1,0.88
DyAs,49.442,-1.534,0.001,1.22,2,5.94,2840,1680,1.75,1.131,2.18,5,9.81,887,1090,1.15,0.66
DySe,47.895,-1.747,0.001,1.22,2,5.94,2840,1680,1.75,1.131,2.55,6,9.752,958,494,1.15,1.013333333
DyTe,58.394,-1.279,0.001,1.22,2,5.94,2840,1680,1.75,1.131,2.1,6,9.009,1261,722.66,1.4,1.293333333
YC,33.042,0.042,0.001,1.22,3,6.38,3609,1799,1.8,1.04,2.55,4,11.26,4300,3800,0.7,0.3
YN,29.758,-1.879,0.147,1.22,3,6.38,3609,1799,1.8,1.04,3.04,5,14.534,77.36,63.05,0.65,0.63
YP,45.806,-1.629,0.001,1.22,3,6.38,3609,1799,1.8,1.04,2.19,5,10.486,550,317.3,1,0.55
YS,42.538,-2.327,0.001,1.22,3,6.38,3609,1799,1.8,1.04,2.58,6,10.36,717.87,388.36,1,0.88
YAs,49.7,-1.551,0.001,1.22,3,6.38,3609,1799,1.8,1.04,2.18,5,9.81,887,1090,1.15,0.66
YSe,48.336,-1.76,0.001,1.22,3,6.38,3609,1799,1.8,1.04,2.55,6,9.752,958,494,1.15,1.013333333
YTe,58.935,-1.307,0.001,1.22,3,6.38,3609,1799,1.8,1.04,2.1,6,9.009,1261,722.66,1.4,1.293333333
HoN,29.037,-1.932,0.084,1.23,3,6.018,2993,1734,1.75,1.041,3.04,5,14.534,77.36,63.05,0.65,0.63
HoP,44.859,-1.616,0.001,1.23,3,6.018,2993,1734,1.75,1.041,2.19,5,10.486,550,317.3,1,0.55
HoS,41.402,-2.305,0.001,1.23,3,6.018,2993,1734,1.75,1.041,2.58,6,10.36,717.87,388.36,1,0.88
HoAs,48.772,-1.523,0.001,1.23,3,6.018,2993,1734,1.75,1.041,2.18,5,9.81,887,1090,1.15,0.66
HoSe,47.156,-1.717,0.001,1.23,3,6.018,2993,1734,1.75,1.041,2.55,6,9.752,958,494,1.15,1.013333333
HoTe,57.617,-1.243,0.001,1.23,3,6.018,2993,1734,1.75,1.041,2.1,6,9.009,1261,722.66,1.4,1.293333333
ErN,28.488,-1.968,0.12,1.24,3,6.101,3141,1802,1.75,1.03,3.04,5,14.534,77.36,63.05,0.65,0.63
ErP,44.221,-1.611,0.001,1.24,3,6.101,3141,1802,1.75,1.03,2.19,5,10.486,550,317.3,1,0.55
ErS,40.789,-2.282,0.001,1.24,3,6.101,3141,1802,1.75,1.03,2.58,6,10.36,717.87,388.36,1,0.88
ErAs,48.144,-1.512,0.001,1.24,3,6.101,3141,1802,1.75,1.03,2.18,5,9.81,887,1090,1.15,0.66
ErSe,46.514,-1.686,0.001,1.24,3,6.101,3141,1802,1.75,1.03,2.55,6,9.752,958,494,1.15,1.013333333
ErTe,56.995,-1.205,0.001,1.24,3,6.101,3141,1802,1.75,1.03,2.1,6,9.009,1261,722.66,1.4,1.293333333
TmN,27.862,-2.012,0.157,1.25,3,6.184,2223,1818,1.75,1.095,3.04,5,14.534,77.36,63.05,0.65,0.63
TmP,43.584,-1.605,0.001,1.25,3,6.184,2223,1818,1.75,1.095,2.19,5,10.486,550,317.3,1,0.55
TmS,40.062,-2.257,0.001,1.25,3,6.184,2223,1818,1.75,1.095,2.58,6,10.36,717.87,388.36,1,0.88
TmAs,47.551,-1.497,0.001,1.25,3,6.184,2223,1818,1.75,1.095,2.18,5,9.81,887,1090,1.15,0.66
TmSe,45.782,-1.65,0.001,1.25,3,6.184,2223,1818,1.75,1.095,2.55,6,9.752,958,494,1.15,1.013333333
TmTe,56.274,-1.161,0.001,1.25,3,6.184,2223,1818,1.75,1.095,2.1,6,9.009,1261,722.66,1.4,1.293333333
LuN,26.904,-2.067,0.236,1.27,3,5.4259,3675,1925,1.75,1.001,3.04,5,14.534,77.36,63.05,0.65,0.63
LuP,42.524,-1.587,0.001,1.27,3,5.4259,3675,1925,1.75,1.001,2.19,5,10.486,550,317.3,1,0.55
LuS,39.029,-2.205,0.001,1.27,3,5.4259,3675,1925,1.75,1.001,2.58,6,10.36,717.87,388.36,1,0.88
LuAs,46.467,-1.467,0.001,1.27,3,5.4259,3675,1925,1.75,1.001,2.18,5,9.81,887,1090,1.15,0.66
LuSe,44.779,-1.582,0.001,1.27,3,5.4259,3675,1925,1.75,1.001,2.55,6,9.752,958,494,1.15,1.013333333
LuTe,55.232,-1.085,0.001,1.27,3,5.4259,3675,1925,1.75,1.001,2.1,6,9.009,1261,722.66,1.4,1.293333333
HfB,28.306,-0.42,0.001,1.3,4,6.65,4876,2506,1.55,0.85,2.04,3,8.298,4200,2349,0.85,0.41
HfC,25.157,-0.942,0.001,1.3,4,6.65,4876,2506,1.55,0.85,2.55,4,11.26,4300,3800,0.7,0.3
HfN,23.359,-1.94,0.001,1.3,4,6.65,4876,2506,1.55,0.85,3.04,5,14.534,77.36,63.05,0.65,0.63
MgO,19.279,-3.071,4.445,1.31,2,7.646,1363,923,1.5,0.86,3.44,6,13.618,90.2,54.8,0.6,1.26
MgS,35.743,-1.765,2.763,1.31,2,7.646,1363,923,1.5,0.86,2.58,6,10.36,717.87,388.36,1,0.88
MgSe,41.842,-1.241,1.765,1.31,2,7.646,1363,923,1.5,0.86,2.55,6,9.752,958,494,1.15,1.013333333
MgTe,53.439,-0.816,0.434,1.31,2,7.646,1363,923,1.5,0.86,2.1,6,9.009,1261,722.66,1.4,1.293333333
ZrB,29.64,-0.376,0.001,1.33,4,6.84,4682,2128,1.55,0.86,2.04,3,8.298,4200,2349,0.85,0.41
ZrC,26.361,-0.807,0.001,1.33,4,6.84,4682,2128,1.55,0.86,2.55,4,11.26,4300,3800,0.7,0.3
ZrN,24.615,-1.87,0.001,1.33,4,6.84,4682,2128,1.55,0.86,3.04,5,14.534,77.36,63.05,0.65,0.63
ZrO,24.739,-2.573,0.001,1.33,4,6.84,4682,2128,1.55,0.86,3.44,6,13.618,90.2,54.8,0.6,1.26
ZrP,37.234,-1.334,0.001,1.33,4,6.84,4682,2128,1.55,0.86,2.19,5,10.486,550,317.3,1,0.55
ZrS,36.114,-1.677,0.001,1.33,4,6.84,4682,2128,1.55,0.86,2.58,6,10.36,717.87,388.36,1,0.88
ZrAs,41.169,-1.075,0.001,1.33,4,6.84,4682,2128,1.55,0.86,2.18,5,9.81,887,1090,1.15,0.66
ScC,25.72,-0.141,0.001,1.36,3,6.54,3103,1814,1.6,0.885,2.55,4,11.26,4300,3800,0.7,0.3
ScN,23.06,-2.106,0.001,1.36,3,6.54,3103,1814,1.6,0.885,3.04,5,14.534,77.36,63.05,0.65,0.63
ScO,22.476,-3.249,0.001,1.36,3,6.54,3103,1814,1.6,0.885,3.44,6,13.618,90.2,54.8,0.6,1.26
ScP,37.577,-1.495,0.001,1.36,3,6.54,3103,1814,1.6,0.885,2.19,5,10.486,550,317.3,1,0.55
ScS,35.593,-2.204,0.001,1.36,3,6.54,3103,1814,1.6,0.885,2.58,6,10.36,717.87,388.36,1,0.88
ScAs,41.357,-1.374,0.001,1.36,3,6.54,3103,1814,1.6,0.885,2.18,5,9.81,887,1090,1.15,0.66
ScSe,41.136,-1.592,0.001,1.36,3,6.54,3103,1814,1.6,0.885,2.55,6,9.752,958,494,1.15,1.013333333
TaC,22.51,-0.579,0.001,1.5,5,7.89,5731,3290,1.45,0.82,2.55,4,11.26,4300,3800,0.7,0.3
TaN,21.627,-1.039,0.001,1.5,5,7.89,5731,3290,1.45,0.82,3.04,5,14.534,77.36,63.05,0.65,0.63
TaO,22.892,-1.244,0.001,1.5,5,7.89,5731,3290,1.45,0.82,3.44,6,13.618,90.2,54.8,0.6,1.26
TiC,20.375,-0.807,0.001,1.54,4,6.82,3560,1941,1.4,0.851666667,2.55,4,11.26,4300,3800,0.7,0.3
MnN,17.706,-0.39,0.001,1.55,7,7.435,2334,1519,1.4,0.8775,3.04,5,14.534,77.36,63.05,0.65,0.63
MnO,23.011,-1.967,0.55,1.55,7,7.435,2334,1519,1.4,0.8775,3.44,6,13.618,90.2,54.8,0.6,1.26
MnSe,39.601,-0.345,0.001,1.55,7,7.435,2334,1519,1.4,0.8775,2.55,6,9.752,958,494,1.15,1.013333333
MnTe,48.024,-0.038,0.001,1.55,7,7.435,2334,1519,1.4,0.8775,2.1,6,9.009,1261,722.66,1.4,1.293333333
BeO,12.149,-2.64,8.168,1.57,2,9.322,2742,1560,1.05,0.59,3.44,6,13.618,90.2,54.8,0.6,1.26
BeSe,29.849,-0.257,0.001,1.57,2,9.322,2742,1560,1.05,0.59,2.55,6,9.752,958,494,1.15,1.013333333
NbC,22.86,-0.452,0.001,1.6,5,6.88,5017,2750,1.45,0.82,2.55,4,11.26,4300,3800,0.7,0.3
AlN,16.843,-1.423,4.424,1.61,3,5.986,2792,933.47,1.25,0.675,3.04,5,14.534,77.36,63.05,0.65,0.63
AlO,22.427,-1.563,0.001,1.61,3,5.986,2792,933.47,1.25,0.675,3.44,6,13.618,90.2,54.8,0.6,1.26
TlC,31.864,2.108,0.001,1.62,3,6.108,1746,577,1.9,1.3325,2.55,4,11.26,4300,3800,0.7,0.3
TlN,30.431,0.965,0.001,1.62,3,6.108,1746,577,1.9,1.3325,3.04,5,14.534,77.36,63.05,0.65,0.63
TlF,45.848,-1.943,2.209,1.62,3,6.108,1746,577,1.9,1.3325,3.98,7,17.422,85.03,53.53,0.5,0.705
TlCl,69.667,-1.313,2.536,1.62,3,6.108,1746,577,1.9,1.3325,3.16,7,12.967,239.11,171.6,1,0.78
TlBr,77.954,-0.886,2.296,1.62,3,6.108,1746,577,1.9,1.3325,2.96,7,11.814,332,265.8,1.15,0.8825
TlI,90.926,-0.682,2.209,1.62,3,6.108,1746,577,1.9,1.3325,2.66,7,10.451,457.4,386.85,1.4,1.273333333
VC,18.023,-0.414,0.001,1.63,5,6.74,3680,2183,1.35,0.7775,2.55,4,11.26,4300,3800,0.7,0.3
VN,17.547,-1.164,0.001,1.63,5,6.74,3680,2183,1.35,0.7775,3.04,5,14.534,77.36,63.05,0.65,0.63
VO,22.201,-1.959,1.103,1.63,5,6.74,3680,2183,1.35,0.7775,3.44,6,13.618,90.2,54.8,0.6,1.26
ZnN,20.042,0.511,0.001,1.65,2,9.394,1180,692.68,1.35,0.88,3.04,5,14.534,77.36,63.05,0.65,0.63
ZnO,20.421,-1.651,0.719,1.65,2,9.394,1180,692.68,1.35,0.88,3.44,6,13.618,90.2,54.8,0.6,1.26
ZnTe,48.159,-0.173,0.001,1.65,2,9.394,1180,692.68,1.35,0.88,2.1,6,9.009,1261,722.66,1.4,1.293333333
CrC,17.333,0.165,0.001,1.66,6,6.766,2944,2180,1.4,0.94,2.55,4,11.26,4300,3800,0.7,0.3
CrN,17.96,-0.527,0.001,1.66,6,6.766,2944,2180,1.4,0.94,3.04,5,14.534,77.36,63.05,0.65,0.63
CrO,21.896,-1.622,0.001,1.66,6,6.766,2944,2180,1.4,0.94,3.44,6,13.618,90.2,54.8,0.6,1.26
CrTe,46.959,-0.003,0.001,1.66,6,6.766,2944,2180,1.4,0.94,2.1,6,9.009,1261,722.66,1.4,1.293333333
InN,26.112,0.104,0.001,1.78,3,5.786,2345,429.75,1.55,0.94,3.04,5,14.534,77.36,63.05,0.65,0.63
InP,42.678,0.016,0.001,1.78,3,5.786,2345,429.75,1.55,0.94,2.19,5,10.486,550,317.3,1,0.55
InAs,47.642,-0.05,0.001,1.78,3,5.786,2345,429.75,1.55,0.94,2.18,5,9.81,887,1090,1.15,0.66
InTe,62.044,-0.297,0.001,1.78,3,5.786,2345,429.75,1.55,0.94,2.1,6,9.009,1261,722.66,1.4,1.293333333
GaN,19.47,-0.188,0.395,1.81,3,5.999,2477,302.91,1.3,0.76,3.04,5,14.534,77.36,63.05,0.65,0.63
FeN,16.982,0.069,0.001,1.83,6,7.87,3134,1811,1.4,0.8525,3.04,5,14.534,77.36,63.05,0.65,0.63
FeO,20.112,-1.255,0.001,1.83,6,7.87,3134,1811,1.4,0.8525,3.44,6,13.618,90.2,54.8,0.6,1.26
CoN,16.089,0.324,0.001,1.88,3,7.86,3200,1768,1.35,0.768333333,3.04,5,14.534,77.36,63.05,0.65,0.63
CuN,18.166,0.835,0.001,1.9,1,7.726,3200,1357.77,1.35,0.82,3.04,5,14.534,77.36,63.05,0.65,0.63
CuO,18.964,-0.785,0.001,1.9,1,7.726,3200,1357.77,1.35,0.82,3.44,6,13.618,90.2,54.8,0.6,1.26
TcB,21.369,-0.01,0.001,1.9,7,7.28,4538,2430,1.35,0.741666667,2.04,3,8.298,4200,2349,0.85,0.41
TcC,20.437,0.648,0.001,1.9,7,7.28,4538,2430,1.35,0.741666667,2.55,4,11.26,4300,3800,0.7,0.3
TcN,20.224,0.361,0.001,1.9,7,7.28,4538,2430,1.35,0.741666667,3.04,5,14.534,77.36,63.05,0.65,0.63
ReC,20.757,0.944,0.001,1.9,4,7.88,5869,3459,1.35,0.7125,2.55,4,11.26,4300,3800,0.7,0.3
ReN,20.693,0.862,0.001,1.9,4,7.88,5869,3459,1.35,0.7125,3.04,5,14.534,77.36,63.05,0.65,0.63
NiC,16.942,1.102,0.001,1.91,2,7.635,3186,1728,1.35,0.74,2.55,4,11.26,4300,3800,0.7,0.3
NiN,16.766,0.442,0.001,1.91,2,7.635,3186,1728,1.35,0.74,3.04,5,14.534,77.36,63.05,0.65,0.63
NiO,18.783,-0.893,2.498,1.91,2,7.635,3186,1728,1.35,0.74,3.44,6,13.618,90.2,54.8,0.6,1.26
AgC,25.462,2.238,0.001,1.93,1,7.576,2435,1234.93,1.6,1.086666667,2.55,4,11.26,4300,3800,0.7,0.3
AgF,31.803,-1.194,0.001,1.93,1,7.576,2435,1234.93,1.6,1.086666667,3.98,7,17.422,85.03,53.53,0.5,0.705
AgCl,44.433,-0.725,0.954,1.93,1,7.576,2435,1234.93,1.6,1.086666667,3.16,7,12.967,239.11,171.6,1,0.78
AgBr,50.092,-0.335,0.731,1.93,1,7.576,2435,1234.93,1.6,1.086666667,2.96,7,11.814,332,265.8,1.15,0.8825
AgI,58.693,-0.192,0.769,1.93,1,7.576,2435,1234.93,1.6,1.086666667,2.66,7,10.451,457.4,386.85,1.4,1.273333333
SnC,27.483,1.299,0.001,1.96,4,7.344,2875,505.08,1.45,0.83,2.55,4,11.26,4300,3800,0.7,0.3
SnP,43.724,0.003,0.001,1.96,4,7.344,2875,505.08,1.45,0.83,2.19,5,10.486,550,317.3,1,0.55
SnS,50.101,-0.73,0.089,1.96,4,7.344,2875,505.08,1.45,0.83,2.58,6,10.36,717.87,388.36,1,0.88
SnAs,49.014,-0.056,0.001,1.96,4,7.344,2875,505.08,1.45,0.83,2.18,5,9.81,887,1090,1.15,0.66
SnSe,55.785,-0.429,0.119,1.96,4,7.344,2875,505.08,1.45,0.83,2.55,6,9.752,958,494,1.15,1.013333333
SnTe,66.067,-0.285,0.043,1.96,4,7.344,2875,505.08,1.45,0.83,2.1,6,9.009,1261,722.66,1.4,1.293333333
HgS,43.471,-0.284,0.001,2,2,10.437,629.88,234.32,1.5,1.245,2.58,6,10.36,717.87,388.36,1,0.88
HgSe,49.011,-0.049,0.001,2,2,10.437,629.88,234.32,1.5,1.245,2.55,6,9.752,958,494,1.15,1.013333333
HgTe,58.272,-0.016,0.001,2,2,10.437,629.88,234.32,1.5,1.245,2.1,6,9.009,1261,722.66,1.4,1.293333333
GeC,21.106,1.271,0.001,2.01,4,7.899,3093,1211.4,1.25,0.77,2.55,4,11.26,4300,3800,0.7,0.3
GeSe,45.468,-0.211,0.058,2.01,4,7.899,3093,1211.4,1.25,0.77,2.55,6,9.752,958,494,1.15,1.013333333
BiSe,58.44,-0.158,0.001,2.02,3,7.289,1837,544.4,1.6,1.035,2.55,6,9.752,958,494,1.15,1.013333333
BiTe,68.867,-0.069,0.001,2.02,3,7.289,1837,544.4,1.6,1.035,2.1,6,9.009,1261,722.66,1.4,1.293333333
MoC,21.052,0.225,0.001,2.16,6,7.099,4912,2896,1.45,0.775,2.55,4,11.26,4300,3800,0.7,0.3
MoN,20.677,-0.148,0.001,2.16,6,7.099,4912,2896,1.45,0.775,3.04,5,14.534,77.36,63.05,0.65,0.63
MoP,30.492,0.023,0.001,2.16,6,7.099,4912,2896,1.45,0.775,2.19,5,10.486,550,317.3,1,0.55
RuC,20.18,0.906,0.001,2.2,4,7.37,4423,2607,1.3,0.661,2.55,4,11.26,4300,3800,0.7,0.3
RuN,20.365,0.735,0.001,2.2,4,7.37,4423,2607,1.3,0.661,3.04,5,14.534,77.36,63.05,0.65,0.63
OsC,20.751,1.387,0.001,2.2,4,8.7,5285,3306,1.3,0.673,2.55,4,11.26,4300,3800,0.7,0.3
OsN,20.82,1.365,0.001,2.2,4,8.7,5285,3306,1.3,0.673,3.04,5,14.534,77.36,63.05,0.65,0.63
IrC,21.432,1.443,0.001,2.2,4,9.1,4701,2739,1.35,0.765,2.55,4,11.26,4300,3800,0.7,0.3
IrN,21.378,1.299,0.001,2.2,4,9.1,4701,2739,1.35,0.765,3.04,5,14.534,77.36,63.05,0.65,0.63
PdC,21.882,1.487,0.001,2.2,4,8.34,3236,1828.05,1.4,0.84625,2.55,4,11.26,4300,3800,0.7,0.3
PdN,21.913,0.945,0.001,2.2,4,8.34,3236,1828.05,1.4,0.84625,3.04,5,14.534,77.36,63.05,0.65,0.63
RhC,20.745,1.093,0.001,2.28,3,7.46,3968,2237,1.35,0.745,2.55,4,11.26,4300,3800,0.7,0.3
RhN,20.634,0.765,0.001,2.28,3,7.46,3968,2237,1.35,0.745,3.04,5,14.534,77.36,63.05,0.65,0.63
PtN,22.673,1.192,0.001,2.28,4,9,4098,2041.4,1.35,0.805,3.04,5,14.534,77.36,63.05,0.65,0.63
PtO,24.745,0.197,0.001,2.28,4,9,4098,2041.4,1.35,0.805,3.44,6,13.618,90.2,54.8,0.6,1.26
PbS,54.087,-0.875,0.461,2.33,4,7.416,2022,600.61,1.8,1.1225,2.58,6,10.36,717.87,388.36,1,0.88
PbSe,60.359,-0.57,0.431,2.33,4,7.416,2022,600.61,1.8,1.1225,2.55,6,9.752,958,494,1.15,1.013333333
WC,21.16,0.329,0.001,2.36,6,7.98,5828,3695,1.35,0.766666667,2.55,4,11.26,4300,3800,0.7,0.3
WN,20.814,0.148,0.001,2.36,6,7.98,5828,3695,1.35,0.766666667,3.04,5,14.534,77.36,63.05,0.65,0.63
AuN,25.445,1.499,0.001,2.54,1,9.225,3129,1337.33,1.35,1.07,3.04,5,14.534,77.36,63.05,0.65,0.63
